,0,1,2,3,4,5,6,7,8,9,10,11
0,ROA_8,CHO_9,RIC_10,GSP_11,CHS_12,CAE_13,,,,,,
1,ROA_8,RIC_9,CHO_10,ROA_11,RIC_12,CHO_13,,,,,,
2,ROA_5,RIC_6,ROA_7,,,,,,,,,
3,ROA_5,RIC_6,CHO_7,LYH_8,ROA_9,RIC_10,CHO_11,,,,,
4,CAE_4,CHS_5,,,,,,,,,,
5,CAE_3,CHS_4,GSP_5,CHS_6,CAE_7,CHS_8,GSP_9,,,,,
6,ROA_3,RIC_4,MYR_5,RIC_6,ROA_7,CHO_8,ROA_9,RIC_10,,,,
7,CHS_7,CAE_8,CHS_9,CAE_10,,,,,,,,
8,CHS_5,CAE_6,CHS_7,,,,,,,,,
9,CHS_3,GSP_4,CHS_5,CAE_6,CHS_7,CAE_8,CHS_9,CAE_10,CHS_11,CAE_12,CHS_13,
10,CHS_8,GSP_9,,,,,,,,,,
11,ROA_8,RIC_9,,,,,,,,,,
12,GSP_8,CAE_9,CHS_10,,,,,,,,,
13,RIC_5,ROA_6,RIC_7,ROA_8,RIC_9,ROA_10,RIC_11,CHO_12,RIC_13,,,
14,GSP_8,CHS_9,CAE_10,CHS_11,CAE_12,CHS_13,,,,,,
15,CHO_2,RIC_3,ROA_4,RIC_5,ROA_6,RIC_7,,,,,,
16,RIC_8,ROA_9,,,,,,,,,,
17,CHS_6,CAE_7,CHS_8,GSP_9,CHS_10,,,,,,,
18,RIC_4,ROA_5,RIC_6,CHO_7,RIC_8,ROA_9,RIC_10,ROA_11,RIC_12,ROA_13,,
19,CAE_5,CHS_6,CAE_7,,,,,,,,,
20,ROA_7,RIC_8,CHO_9,ROA_10,RIC_11,ROA_12,RIC_13,,,,,
21,CAE_8,CHS_9,,,,,,,,,,
22,ROA_9,RIC_10,ROA_11,CHO_12,RIC_13,,,,,,,
23,ROA_6,CHO_7,RIC_8,ROA_9,RIC_10,,,,,,,
24,ROA_4,RIC_5,ROA_6,RIC_7,GSP_8,CHS_9,CAE_10,CHS_11,CAE_12,,,
25,CHS_8,CAE_9,CHS_10,,,,,,,,,
26,RIC_9,ROA_10,RIC_11,ROA_12,,,,,,,,
27,CHO_2,ROA_3,RIC_4,CHO_5,LYH_6,ROA_7,CHO_8,RIC_9,,,,
28,ROA_7,RIC_8,,,,,,,,,,
29,CAE_2,CHS_3,CAE_4,CHS_5,,,,,,,,
30,CHS_7,GSP_8,CHS_9,CAE_10,CHS_11,GSP_12,CHS_13,,,,,
31,ROA_9,RIC_10,ROA_11,,,,,,,,,
32,CAE_4,CHS_5,CAE_6,CHS_7,CAE_8,CHS_9,,,,,,
33,RIC_3,MYR_4,RIC_5,ROA_6,RIC_7,ROA_8,RIC_9,ROA_10,,,,
34,CHO_3,ROA_4,RIC_5,ROA_6,RIC_7,CHO_8,,,,,,
35,CHS_5,CAE_6,CHS_7,CAE_8,CHS_9,,,,,,,
36,CHO_8,ROA_9,,,,,,,,,,
37,CAE_10,CHS_11,CAE_12,CHS_13,,,,,,,,
38,CAE_5,CHS_6,CAE_7,CHS_8,GSP_9,CHS_10,CAE_11,CHS_12,,,,
39,CHS_8,CAE_9,CHS_10,,,,,,,,,
40,RIC_3,MYR_4,RIC_5,,,,,,,,,
41,CAE_10,CHS_11,CAE_12,,,,,,,,,
42,CHS_6,CAE_7,CHS_8,CAE_9,CHS_10,CAE_11,,,,,,
43,CHS_9,CAE_10,,,,,,,,,,
44,GSP_9,CHS_10,CAE_11,CHS_12,CAE_13,,,,,,,
45,CHS_9,CAE_10,CHS_11,CAE_12,CHS_13,,,,,,,
46,CHS_6,GSP_7,CHS_8,CAE_9,,,,,,,,
47,CAE_3,CHS_4,CAE_5,CHS_6,GSP_7,CHS_8,CAE_9,CHS_10,,,,
48,ROA_4,RIC_5,ROA_6,RIC_7,ROA_8,,,,,,,
49,CAE_10,CHS_11,CAE_12,CHS_13,,,,,,,,
50,RIC_10,ROA_11,RIC_12,,,,,,,,,
51,RIC_6,GSP_7,CHS_8,GSP_9,CHS_10,CAE_11,,,,,,
52,CHS_8,GSP_9,CHS_10,,,,,,,,,
53,RIC_3,MYR_4,RIC_5,,,,,,,,,
54,ROA_10,RIC_11,ROA_12,RIC_13,,,,,,,,
55,CAE_9,GSP_10,CHS_11,CAE_12,CHS_13,,,,,,,
56,ROA_10,CHO_11,RIC_12,,,,,,,,,
57,RIC_9,CHO_10,,,,,,,,,,
58,CAE_7,CHS_8,GSP_9,CHS_10,CAE_11,CHS_12,,,,,,
59,ROA_8,RIC_9,CHO_10,ROA_11,,,,,,,,
60,ROA_8,RIC_9,ROA_10,,,,,,,,,
61,ROA_8,RIC_9,,,,,,,,,,
62,CAE_4,CHS_5,CAE_6,CHS_7,CAE_8,CHS_9,CAE_10,CHS_11,CAE_12,,,
63,CHO_7,RIC_8,ROA_9,RIC_10,,,,,,,,
64,SHD_9,LYH_10,SHD_11,LYH_12,SHD_13,,,,,,,
65,CAE_9,CHS_10,CAE_11,CHS_12,,,,,,,,
66,CAE_7,CHS_8,CAE_9,,,,,,,,,
67,RIC_7,ROA_8,RIC_9,,,,,,,,,
68,CHO_1,RIC_2,CHO_3,ROA_4,RIC_5,,,,,,,
69,CHS_8,CAE_9,CHS_10,CAE_11,,,,,,,,
70,CHS_4,GSP_5,CHS_6,CAE_7,CHS_8,CAE_9,CHS_10,CAE_11,CHS_12,,,
71,CHS_8,GSP_9,CHS_10,CAE_11,CHS_12,CAE_13,,,,,,
72,SHD_9,LYH_10,,,,,,,,,,
73,GSP_6,CHS_7,GSP_8,CHS_9,CAE_10,,,,,,,
74,CHS_9,CAE_10,,,,,,,,,,
75,CHO_9,RIC_10,ROA_11,RIC_12,,,,,,,,
76,CHO_7,RIC_8,ROA_9,RIC_10,ROA_11,RIC_12,ROA_13,,,,,
77,CHS_3,GSP_4,CHS_5,CAE_6,CHS_7,CAE_8,CHS_9,,,,,
78,CHS_8,CAE_9,,,,,,,,,,
79,ROA_4,RIC_5,ROA_6,RIC_7,CHO_8,LYH_9,SHD_10,LYH_11,SHD_12,LYH_13,,
80,CHO_5,ROA_6,RIC_7,CHO_8,RIC_9,ROA_10,RIC_11,CHO_12,RIC_13,,,
81,CHS_4,CAE_5,,,,,,,,,,
82,GSP_7,CHS_8,CAE_9,CHS_10,CAE_11,CHS_12,,,,,,
83,ROA_6,RIC_7,CHO_8,RIC_9,ROA_10,,,,,,,
84,CHO_3,RIC_4,CHO_5,RIC_6,ROA_7,RIC_8,ROA_9,RIC_10,CHO_11,,,
85,RIC_3,MYR_4,RIC_5,CHO_6,RIC_7,CHO_8,,,,,,
86,ROA_4,RIC_5,ROA_6,RIC_7,CHO_8,ROA_9,RIC_10,ROA_11,RIC_12,ROA_13,,
87,GSP_8,CHS_9,CAE_10,,,,,,,,,
88,CAE_7,CHS_8,GSP_9,CHS_10,CAE_11,CHS_12,,,,,,
89,CHO_3,ROA_4,RIC_5,,,,,,,,,
90,RIC_5,CHO_6,ROA_7,,,,,,,,,
91,ROA_8,RIC_9,ROA_10,RIC_11,,,,,,,,
92,RIC_6,ROA_7,RIC_8,CHO_9,RIC_10,,,,,,,
93,CAE_7,CHS_8,GSP_9,CHS_10,CAE_11,CHS_12,CAE_13,,,,,
94,CHS_8,CAE_9,CHS_10,CAE_11,CHS_12,,,,,,,
95,CAE_10,CHS_11,CAE_12,,,,,,,,,
96,RIC_4,CHO_5,ROA_6,RIC_7,CHO_8,RIC_9,CHO_10,ROA_11,,,,
97,CHS_7,CAE_8,CHS_9,,,,,,,,,
98,ROA_9,RIC_10,,,,,,,,,,
99,CAE_3,CHS_4,GSP_5,CHS_6,CAE_7,CHS_8,GSP_9,CHS_10,CAE_11,CHS_12,,
100,ROA_5,RIC_6,CHO_7,ROA_8,RIC_9,ROA_10,RIC_11,,,,,
101,CHS_8,CAE_9,CHS_10,CAE_11,CHS_12,,,,,,,
102,ROA_10,RIC_11,ROA_12,,,,,,,,,
103,CHO_2,RIC_3,MYR_4,RIC_5,ROA_6,RIC_7,ROA_8,RIC_9,CHO_10,ROA_11,RIC_12,ROA_13
104,ROA_9,RIC_10,ROA_11,,,,,,,,,
105,CAE_8,CHS_9,CAE_10,,,,,,,,,
106,RIC_8,ROA_9,RIC_10,,,,,,,,,
107,GSP_3,CHS_4,CAE_5,CHS_6,,,,,,,,
108,GSP_1,CHS_2,GSP_3,CHS_4,GSP_5,CHS_6,CAE_7,CHS_8,CAE_9,CHS_10,CAE_11,CHS_12
109,CHS_2,CAE_3,,,,,,,,,,
110,RIC_4,MYR_5,CAE_6,CHS_7,,,,,,,,
111,CHS_6,CAE_7,CHS_8,GSP_9,CHS_10,CAE_11,CHS_12,CAE_13,,,,
112,ROA_10,RIC_11,CHO_12,,,,,,,,,
113,GSP_8,CHS_9,CAE_10,,,,,,,,,
114,CAE_4,CHS_5,CAE_6,CHS_7,CAE_8,CHS_9,CAE_10,CHS_11,CAE_12,,,
115,ROA_8,RIC_9,CHO_10,RIC_11,ROA_12,,,,,,,
116,RIC_3,MYR_4,RIC_5,ROA_6,RIC_7,CHO_8,,,,,,
117,CHO_4,ROA_5,,,,,,,,,,
118,GSP_6,CHS_7,CAE_8,CHS_9,CAE_10,CHS_11,CAE_12,CHS_13,,,,
119,CHO_6,RIC_7,CHO_8,ROA_9,,,,,,,,
120,CHS_10,CAE_11,CHS_12,,,,,,,,,
121,CAE_5,CHS_6,CAE_7,CHS_8,GSP_9,CHS_10,,,,,,
122,CHO_4,RIC_5,CHO_6,RIC_7,,,,,,,,
123,RIC_7,ROA_8,RIC_9,ROA_10,RIC_11,,,,,,,
124,CHO_7,ROA_8,RIC_9,,,,,,,,,
125,ROA_6,RIC_7,CHO_8,ROA_9,RIC_10,,,,,,,
126,CHS_10,CAE_11,CHS_12,,,,,,,,,
127,ROA_9,RIC_10,ROA_11,RIC_12,,,,,,,,
128,CHO_9,ROA_10,RIC_11,,,,,,,,,
129,GSP_7,CHS_8,,,,,,,,,,
130,RIC_5,ROA_6,RIC_7,CHO_8,RIC_9,ROA_10,RIC_11,ROA_12,RIC_13,,,
131,CHS_8,CAE_9,CHS_10,CAE_11,CHS_12,,,,,,,
132,CAE_4,CHS_5,GSP_6,CHS_7,GSP_8,,,,,,,
133,CHS_3,CAE_4,CHS_5,,,,,,,,,
134,CHS_10,CAE_11,CHS_12,CAE_13,,,,,,,,
135,CAE_9,CHS_10,,,,,,,,,,
136,GSP_5,CHS_6,CAE_7,CHS_8,CAE_9,,,,,,,
137,CHO_3,ROA_4,CHO_5,,,,,,,,,
138,CHO_5,ROA_6,RIC_7,CHO_8,RIC_9,CHO_10,RIC_11,ROA_12,RIC_13,,,
139,CAE_10,CHS_11,GSP_12,,,,,,,,,
140,CHS_8,CAE_9,,,,,,,,,,
141,CHO_6,RIC_7,CHO_8,,,,,,,,,
142,CHO_6,ROA_7,,,,,,,,,,
143,CHS_9,GSP_10,ROA_11,,,,,,,,,
144,ROA_6,RIC_7,CHO_8,ROA_9,RIC_10,ROA_11,,,,,,
145,CAE_7,CHS_8,CAE_9,,,,,,,,,
146,CAE_8,CHS_9,CAE_10,,,,,,,,,
147,CHO_7,RIC_8,ROA_9,RIC_10,ROA_11,RIC_12,,,,,,
148,CHS_8,CAE_9,CHS_10,CAE_11,CHS_12,,,,,,,
149,ROA_9,RIC_10,ROA_11,,,,,,,,,
150,CHS_8,CAE_9,CHS_10,,,,,,,,,
151,RIC_5,ROA_6,RIC_7,,,,,,,,,
152,RIC_7,ROA_8,,,,,,,,,,
153,GSP_7,CHS_8,GSP_9,CHS_10,,,,,,,,
154,CHO_6,RIC_7,,,,,,,,,,
155,CAE_9,CHS_10,CAE_11,,,,,,,,,
156,CHS_4,GSP_5,CHS_6,CAE_7,CHS_8,,,,,,,
157,GSP_7,CHS_8,CAE_9,CHS_10,CAE_11,CHS_12,,,,,,
158,ROA_7,RIC_8,ROA_9,,,,,,,,,
159,CHS_2,CAE_3,CHS_4,CAE_5,CHS_6,,,,,,,
160,ROA_8,RIC_9,ROA_10,RIC_11,,,,,,,,
161,CHS_8,GSP_9,CHS_10,CAE_11,,,,,,,,
162,CHS_8,CAE_9,CHS_10,CAE_11,,,,,,,,
163,CHS_6,CAE_7,CHS_8,CAE_9,,,,,,,,
164,GSP_4,CHS_5,CAE_6,,,,,,,,,
165,CHO_3,RIC_4,CHO_5,ROA_6,RIC_7,ROA_8,RIC_9,,,,,
166,CHO_3,RIC_4,MYR_5,RIC_6,,,,,,,,
167,CAE_4,CHS_5,GSP_6,CHS_7,CAE_8,CHS_9,CAE_10,CHS_11,CAE_12,,,
168,CHO_7,RIC_8,CHO_9,ROA_10,,,,,,,,
169,CHS_6,CAE_7,CHS_8,CAE_9,,,,,,,,
170,ROA_3,RIC_4,CHO_5,RIC_6,CHO_7,RIC_8,CHO_9,RIC_10,,,,
171,ROA_10,RIC_11,,,,,,,,,,
172,CHS_3,CAE_4,CHS_5,CAE_6,CHS_7,CAE_8,CHS_9,CAE_10,,,,
173,RIC_3,CHO_4,RIC_5,ROA_6,RIC_7,ROA_8,RIC_9,CHO_10,RIC_11,,,
174,CHS_7,CAE_8,,,,,,,,,,
175,GSP_7,CHS_8,CAE_9,CHS_10,CAE_11,CHS_12,,,,,,
176,RIC_7,CHO_8,,,,,,,,,,
177,ROA_8,RIC_9,ROA_10,RIC_11,ROA_12,RIC_13,,,,,,
178,CAE_5,CHS_6,CAE_7,,,,,,,,,
179,CAE_6,CHS_7,CAE_8,CHS_9,,,,,,,,
180,CHS_7,CAE_8,CHS_9,CAE_10,CHS_11,,,,,,,
181,ROA_6,RIC_7,CHO_8,RIC_9,CHO_10,RIC_11,ROA_12,RIC_13,,,,
182,CAE_7,CHS_8,CAE_9,CHS_10,CAE_11,CHS_12,,,,,,
183,CHS_10,CAE_11,CHS_12,CAE_13,,,,,,,,
184,CAE_9,CHS_10,,,,,,,,,,
185,CHS_3,CAE_4,CHS_5,CAE_6,CHS_7,CAE_8,CHS_9,GSP_10,CHS_11,CAE_12,,
186,CHO_1,RIC_2,CHO_3,RIC_4,ROA_5,RIC_6,,,,,,
187,GSP_7,CAE_8,CHS_9,CAE_10,CHS_11,CAE_12,CHS_13,,,,,
188,CAE_10,CHS_11,CAE_12,CHS_13,,,,,,,,
189,CHO_10,ROA_11,RIC_12,,,,,,,,,
190,ROA_10,RIC_11,ROA_12,,,,,,,,,
191,CHO_7,RIC_8,,,,,,,,,,
192,ROA_7,RIC_8,CHO_9,,,,,,,,,
193,RIC_8,ROA_9,,,,,,,,,,
194,CHS_10,CAE_11,CHS_12,CAE_13,,,,,,,,
195,ROA_6,RIC_7,ROA_8,,,,,,,,,
196,CHS_2,GSP_3,CHS_4,GSP_5,CHS_6,CAE_7,CHS_8,CAE_9,,,,
197,CAE_10,CHS_11,CAE_12,,,,,,,,,
198,ROA_7,RIC_8,ROA_9,RIC_10,,,,,,,,
199,CHS_6,GSP_7,CHS_8,CAE_9,,,,,,,,
200,CAE_9,CHS_10,CAE_11,,,,,,,,,
201,ROA_4,RIC_5,CHO_6,RIC_7,CHO_8,LYH_9,,,,,,
202,CAE_4,CHS_5,GSP_6,CHS_7,GSP_8,CHS_9,GSP_10,CHS_11,CAE_12,CHS_13,,
203,RIC_2,CHO_3,,,,,,,,,,
204,ROA_10,CHO_11,,,,,,,,,,
205,ROA_6,RIC_7,CHO_8,ROA_9,RIC_10,,,,,,,
206,CAE_3,CHS_4,CAE_5,CHS_6,GSP_7,RIC_8,CHO_9,ROA_10,RIC_11,ROA_12,,
207,RIC_4,CHO_5,RIC_6,CHO_7,RIC_8,ROA_9,RIC_10,ROA_11,RIC_12,,,
208,ROA_5,RIC_6,ROA_7,RIC_8,,,,,,,,
209,GSP_6,CHS_7,CAE_8,CHS_9,CAE_10,CHS_11,CAE_12,,,,,
210,ROA_3,RIC_4,MYR_5,RIC_6,CHO_7,LYH_8,ROA_9,RIC_10,ROA_11,,,
211,CHS_9,CAE_10,,,,,,,,,,
212,CHO_3,ROA_4,,,,,,,,,,
213,ROA_8,RIC_9,,,,,,,,,,
214,CAE_6,CHS_7,GSP_8,CHS_9,,,,,,,,
215,CHS_9,CAE_10,CHS_11,,,,,,,,,
216,CAE_8,CHS_9,,,,,,,,,,
217,CAE_6,CHS_7,,,,,,,,,,
218,RIC_10,ROA_11,RIC_12,ROA_13,,,,,,,,
219,ROA_4,RIC_5,,,,,,,,,,
220,CHS_10,CAE_11,,,,,,,,,,
221,CHS_10,CAE_11,CHS_12,,,,,,,,,
222,GSP_8,CHS_9,CAE_10,CHS_11,GSP_12,,,,,,,
223,CAE_9,CHS_10,,,,,,,,,,
224,GSP_1,CHS_2,CAE_3,CHS_4,CAE_5,CHS_6,CAE_7,CHS_8,CAE_9,CHS_10,CAE_11,
225,CAE_4,CHS_5,GSP_6,CHS_7,,,,,,,,
226,MYR_3,RIC_4,,,,,,,,,,
227,CHS_3,CAE_4,CHS_5,CAE_6,CHS_7,,,,,,,
228,CHO_8,RIC_9,CHO_10,,,,,,,,,
229,CHS_1,GSP_2,CHS_3,,,,,,,,,
230,GSP_8,CHS_9,CAE_10,CHS_11,CAE_12,,,,,,,
231,CAE_2,CHS_3,CAE_4,CHS_5,CAE_6,,,,,,,
232,RIC_10,CHO_11,RIC_12,,,,,,,,,
233,CHS_7,GSP_8,CHS_9,CAE_10,CHS_11,CAE_12,,,,,,
234,CAE_9,CHS_10,CAE_11,CHS_12,CAE_13,,,,,,,
235,CHS_8,CAE_9,CHS_10,CAE_11,,,,,,,,
236,CHS_2,CAE_3,,,,,,,,,,
237,GSP_8,CHS_9,,,,,,,,,,
238,CHO_8,RIC_9,ROA_10,RIC_11,,,,,,,,
239,ROA_5,RIC_6,ROA_7,,,,,,,,,
240,CAE_10,CHS_11,CAE_12,CHS_13,,,,,,,,
241,RIC_5,CHO_6,RIC_7,CHO_8,RIC_9,ROA_10,RIC_11,,,,,
242,CHO_5,RIC_6,CHO_7,RIC_8,ROA_9,,,,,,,
243,RIC_4,CHO_5,RIC_6,ROA_7,,,,,,,,
244,GSP_1,CHS_2,CAE_3,CHS_4,GSP_5,CHS_6,CAE_7,CHS_8,GSP_9,CHS_10,CAE_11,
245,CHS_4,GSP_5,CHS_6,GSP_7,CHS_8,CAE_9,CHS_10,CAE_11,CHS_12,GSP_13,,
246,CHO_8,RIC_9,ROA_10,RIC_11,,,,,,,,
247,CHS_5,CAE_6,CHS_7,CAE_8,,,,,,,,
248,CHS_8,CAE_9,,,,,,,,,,
249,CAE_7,CHS_8,CAE_9,,,,,,,,,
250,CHS_4,CAE_5,CHS_6,GSP_7,CHS_8,CAE_9,CHS_10,,,,,
251,CAE_7,CHS_8,CAE_9,CHS_10,,,,,,,,
252,CHS_5,CAE_6,CHS_7,CAE_8,,,,,,,,
253,CHO_5,RIC_6,CHO_7,,,,,,,,,
254,CAE_9,CHS_10,CAE_11,,,,,,,,,
255,CHS_10,CAE_11,,,,,,,,,,
256,CAE_10,CHS_11,,,,,,,,,,
257,CAE_7,CHS_8,GSP_9,CHS_10,CAE_11,CHS_12,,,,,,
258,CAE_9,CHS_10,CAE_11,,,,,,,,,
259,CHS_10,CAE_11,CHS_12,CAE_13,,,,,,,,
260,GSP_7,CHS_8,GSP_9,,,,,,,,,
261,GSP_8,CHS_9,,,,,,,,,,
262,GSP_6,CHS_7,GSP_8,,,,,,,,,
263,CAE_7,CHS_8,CAE_9,CHS_10,CAE_11,CHS_12,GSP_13,,,,,
264,CHO_6,RIC_7,ROA_8,RIC_9,ROA_10,,,,,,,
265,RIC_10,ROA_11,RIC_12,,,,,,,,,
266,CAE_8,CHS_9,CAE_10,,,,,,,,,
267,ROA_7,RIC_8,,,,,,,,,,
268,CHO_7,RIC_8,CHO_9,ROA_10,CHO_11,ROA_12,RIC_13,,,,,
269,CHS_4,CAE_5,CHS_6,CAE_7,CHS_8,,,,,,,
270,RIC_7,ROA_8,RIC_9,ROA_10,,,,,,,,
271,ROA_5,RIC_6,ROA_7,RIC_8,ROA_9,RIC_10,ROA_11,RIC_12,ROA_13,,,
272,CHS_1,GSP_2,CHS_3,GSP_4,,,,,,,,
273,ROA_9,RIC_10,,,,,,,,,,
274,RIC_2,CHO_3,ROA_4,RIC_5,,,,,,,,
275,CHO_6,RIC_7,CHO_8,RIC_9,ROA_10,,,,,,,
276,CAE_4,CHS_5,CAE_6,CHS_7,CAE_8,CHS_9,CAE_10,CHS_11,CAE_12,CHS_13,,
277,ROA_6,RIC_7,ROA_8,RIC_9,CHO_10,,,,,,,
278,ROA_2,CHO_3,ROA_4,RIC_5,CHO_6,RIC_7,ROA_8,RIC_9,,,,
279,CAE_6,CHS_7,GSP_8,CHS_9,CAE_10,CHS_11,CAE_12,,,,,
280,CHS_6,GSP_7,CAE_8,CHS_9,CAE_10,,,,,,,
281,ROA_3,RIC_4,MYR_5,RIC_6,ROA_7,RIC_8,,,,,,
282,ROA_7,RIC_8,ROA_9,,,,,,,,,
283,ROA_10,RIC_11,,,,,,,,,,
284,CHO_3,ROA_4,,,,,,,,,,
285,CHO_2,RIC_3,MYR_4,RIC_5,ROA_6,CHO_7,,,,,,
286,CHS_8,CAE_9,CHS_10,CAE_11,,,,,,,,
287,CAE_7,CHS_8,CAE_9,CHS_10,CAE_11,CHS_12,,,,,,
288,RIC_6,ROA_7,RIC_8,,,,,,,,,
289,ROA_8,RIC_9,ROA_10,RIC_11,,,,,,,,
290,CHS_10,CAE_11,CHS_12,,,,,,,,,
291,GSP_8,CHS_9,CAE_10,CHS_11,CAE_12,,,,,,,
292,CHS_3,CAE_4,CHS_5,CAE_6,CHS_7,CAE_8,CHS_9,CAE_10,CHS_11,,,
293,CHS_6,GSP_7,CHS_8,CAE_9,CHS_10,CAE_11,,,,,,
294,ROA_8,RIC_9,ROA_10,RIC_11,,,,,,,,
295,SHD_10,LYH_11,,,,,,,,,,
296,CHS_7,CAE_8,CHS_9,,,,,,,,,
297,ROA_9,RIC_10,ROA_11,RIC_12,,,,,,,,
298,CHO_1,RIC_2,MYR_3,RIC_4,ROA_5,RIC_6,CHO_7,,,,,
299,ROA_3,RIC_4,MYR_5,RIC_6,ROA_7,,,,,,,
300,CHS_10,CAE_11,CHS_12,CAE_13,,,,,,,,
301,CAE_8,CHS_9,CAE_10,CHS_11,CAE_12,CHS_13,,,,,,
302,CHO_7,RIC_8,,,,,,,,,,
303,ROA_10,RIC_11,ROA_12,RIC_13,,,,,,,,
304,ROA_9,RIC_10,ROA_11,RIC_12,CHO_13,,,,,,,
305,LYH_10,SHD_11,,,,,,,,,,
306,ROA_6,RIC_7,CHO_8,LYH_9,SHD_10,LYH_11,,,,,,
307,MYR_4,RIC_5,CHO_6,RIC_7,CHO_8,RIC_9,ROA_10,RIC_11,ROA_12,RIC_13,,
308,RIC_6,ROA_7,,,,,,,,,,
309,GSP_7,CHS_8,CAE_9,CHS_10,CAE_11,,,,,,,
310,ROA_3,RIC_4,CHO_5,ROA_6,RIC_7,ROA_8,RIC_9,ROA_10,RIC_11,,,
311,GSP_4,CHS_5,CAE_6,CHS_7,CAE_8,CHS_9,CAE_10,CHS_11,CAE_12,CHS_13,,
312,CHS_10,CAE_11,,,,,,,,,,
313,SHD_9,LYH_10,,,,,,,,,,
314,CHO_6,ROA_7,RIC_8,,,,,,,,,
315,CAE_10,CHS_11,CAE_12,CHS_13,,,,,,,,
316,CAE_6,CHS_7,CAE_8,,,,,,,,,
317,CAE_8,CHS_9,,,,,,,,,,
318,GSP_3,CAE_4,CHS_5,,,,,,,,,
319,MYR_4,RIC_5,,,,,,,,,,
320,CHS_5,GSP_6,CHS_7,CAE_8,CHS_9,CAE_10,CHS_11,CAE_12,,,,
321,ROA_8,CHO_9,RIC_10,CHO_11,,,,,,,,
322,RIC_10,CHO_11,ROA_12,RIC_13,,,,,,,,
323,CHO_8,RIC_9,ROA_10,RIC_11,,,,,,,,
324,ROA_3,RIC_4,CHO_5,,,,,,,,,
325,ROA_6,RIC_7,ROA_8,RIC_9,ROA_10,RIC_11,,,,,,
326,ROA_1,GSP_2,CHS_3,CAE_4,CHS_5,CAE_6,CHS_7,,,,,
327,ROA_3,RIC_4,ROA_5,RIC_6,ROA_7,RIC_8,ROA_9,RIC_10,ROA_11,CHO_12,,
328,GSP_7,CHS_8,,,,,,,,,,
329,CHS_4,CAE_5,CHS_6,CAE_7,CHS_8,CAE_9,,,,,,
330,CAE_7,MYR_8,CAE_9,CHS_10,CAE_11,CHS_12,CAE_13,,,,,
331,RIC_9,ROA_10,,,,,,,,,,
332,MYR_3,RIC_4,CHO_5,ROA_6,RIC_7,ROA_8,RIC_9,ROA_10,RIC_11,,,
333,CHS_10,CAE_11,CHS_12,,,,,,,,,
334,RIC_4,ROA_5,RIC_6,ROA_7,RIC_8,ROA_9,RIC_10,ROA_11,,,,
335,CHS_7,CAE_8,CHS_9,CAE_10,CHS_11,,,,,,,
336,CHS_4,CAE_5,CHS_6,,,,,,,,,
337,CAE_3,CHS_4,CAE_5,CHS_6,,,,,,,,
338,CHS_4,CAE_5,,,,,,,,,,
339,CHS_5,CAE_6,CHS_7,,,,,,,,,
340,RIC_2,CHO_3,ROA_4,RIC_5,ROA_6,RIC_7,,,,,,
341,CHS_8,CAE_9,CHS_10,CAE_11,CHS_12,,,,,,,
342,CHS_10,CAE_11,CHS_12,,,,,,,,,
343,CHS_6,GSP_7,CHS_8,,,,,,,,,
344,ROA_5,RIC_6,,,,,,,,,,
345,RIC_9,ROA_10,RIC_11,ROA_12,RIC_13,,,,,,,
346,RIC_2,ROA_3,RIC_4,CHO_5,RIC_6,CHO_7,RIC_8,ROA_9,RIC_10,,,
347,ROA_3,RIC_4,CHO_5,,,,,,,,,
348,RIC_7,GSP_8,,,,,,,,,,
349,CAE_8,CHS_9,,,,,,,,,,
350,CAE_9,CHS_10,CAE_11,CHS_12,,,,,,,,
351,CHS_4,CAE_5,CHS_6,CAE_7,CHS_8,,,,,,,
352,CHO_10,ROA_11,CHO_12,,,,,,,,,
353,RIC_4,CHO_5,RIC_6,ROA_7,RIC_8,CHO_9,ROA_10,RIC_11,,,,
354,CHS_10,CAE_11,CHS_12,,,,,,,,,
355,CHS_10,CAE_11,CHS_12,,,,,,,,,
356,CHS_3,GSP_4,CHS_5,GSP_6,CHS_7,CAE_8,,,,,,
357,CAE_5,CHS_6,CAE_7,CHS_8,CAE_9,CHS_10,,,,,,
358,ROA_9,RIC_10,CHO_11,RIC_12,CHO_13,,,,,,,
359,CHS_10,CAE_11,,,,,,,,,,
360,CHO_10,ROA_11,RIC_12,CHS_13,,,,,,,,
361,ROA_7,RIC_8,CHO_9,,,,,,,,,
362,CHS_9,CAE_10,CHS_11,CAE_12,CHS_13,,,,,,,
363,CHS_6,CAE_7,CHS_8,CAE_9,CHS_10,CAE_11,CHS_12,CAE_13,,,,
364,CAE_2,CHS_3,GSP_4,CHS_5,CAE_6,CHS_7,CAE_8,CHS_9,CAE_10,,,
365,CHS_5,CAE_6,CHS_7,GSP_8,CHS_9,,,,,,,
366,GSP_8,CHS_9,CAE_10,CHS_11,GSP_12,,,,,,,
367,ROA_4,RIC_5,ROA_6,RIC_7,CHO_8,RIC_9,ROA_10,,,,,
368,RIC_8,ROA_9,RIC_10,ROA_11,RIC_12,,,,,,,
369,CAE_8,CHS_9,CAE_10,CHS_11,,,,,,,,
370,CHS_4,CAE_5,CHS_6,CAE_7,CHS_8,GSP_9,CHS_10,CAE_11,CHS_12,CAE_13,,
371,RIC_6,CHO_7,RIC_8,ROA_9,RIC_10,CHO_11,ROA_12,,,,,
372,CHO_8,RIC_9,ROA_10,RIC_11,CHO_12,,,,,,,
373,ROA_5,RIC_6,CHO_7,RIC_8,CHO_9,RIC_10,CHO_11,RIC_12,,,,
374,ROA_7,RIC_8,ROA_9,RIC_10,CHO_11,RIC_12,,,,,,
375,CAE_10,CHS_11,CAE_12,CHS_13,,,,,,,,
376,RIC_3,MYR_4,RIC_5,CHO_6,RIC_7,ROA_8,RIC_9,,,,,
377,RIC_9,ROA_10,RIC_11,ROA_12,RIC_13,,,,,,,
378,CHO_7,RIC_8,ROA_9,RIC_10,ROA_11,RIC_12,ROA_13,,,,,
379,CAE_9,CHS_10,,,,,,,,,,
380,CAE_5,CHS_6,GSP_7,CHS_8,GSP_9,CHS_10,CAE_11,CHS_12,,,,
381,CHS_9,CAE_10,,,,,,,,,,
382,CHS_6,CAE_7,CHS_8,CAE_9,CHS_10,CAE_11,,,,,,
383,GSP_10,CHS_11,CAE_12,CHS_13,,,,,,,,
384,ROA_9,RIC_10,CHO_11,,,,,,,,,
385,CHS_8,CAE_9,CHS_10,CAE_11,,,,,,,,
386,CAE_5,CHS_6,,,,,,,,,,
387,CAE_7,CHS_8,,,,,,,,,,
388,CHS_7,CAE_8,CHS_9,CAE_10,CHS_11,CAE_12,CHS_13,,,,,
389,CAE_8,CHS_9,CAE_10,CHS_11,,,,,,,,
390,ROA_10,RIC_11,CHO_12,,,,,,,,,
391,CAE_10,CHS_11,,,,,,,,,,
392,GSP_3,CHS_4,CAE_5,CHS_6,CAE_7,CHS_8,CAE_9,CHS_10,CAE_11,CHS_12,CAE_13,
393,RIC_7,ROA_8,RIC_9,,,,,,,,,
394,CHS_6,CAE_7,CHS_8,CAE_9,CHS_10,CAE_11,,,,,,
395,CHO_2,RIC_3,MYR_4,RIC_5,ROA_6,RIC_7,CHO_8,,,,,
396,GSP_7,CHS_8,CAE_9,CHS_10,CAE_11,,,,,,,
397,CAE_6,CHS_7,GSP_8,CHS_9,CAE_10,CHS_11,GSP_12,CHS_13,,,,
398,CHS_10,CAE_11,,,,,,,,,,
399,CAE_3,CHS_4,,,,,,,,,,
400,CAE_9,CHS_10,CAE_11,,,,,,,,,
401,RIC_10,ROA_11,RIC_12,ROA_13,,,,,,,,
402,RIC_8,ROA_9,RIC_10,ROA_11,,,,,,,,
403,MYR_4,RIC_5,CHO_6,RIC_7,ROA_8,RIC_9,ROA_10,RIC_11,ROA_12,,,
404,RIC_2,CHO_3,RIC_4,MYR_5,RIC_6,ROA_7,RIC_8,ROA_9,RIC_10,ROA_11,RIC_12,
405,RIC_3,ROA_4,RIC_5,CHO_6,ROA_7,,,,,,,
406,CHS_6,CAE_7,CHS_8,,,,,,,,,
407,CHO_9,RIC_10,,,,,,,,,,
408,ROA_4,RIC_5,ROA_6,RIC_7,ROA_8,RIC_9,ROA_10,RIC_11,,,,
409,CHS_5,GSP_6,CHS_7,GSP_8,CHS_9,CAE_10,CHS_11,CAE_12,,,,
410,CHS_10,CAE_11,,,,,,,,,,
411,RIC_2,ROA_3,CHO_4,RIC_5,ROA_6,RIC_7,ROA_8,RIC_9,ROA_10,RIC_11,ROA_12,
412,CAE_4,CHS_5,GSP_6,CHS_7,MYR_8,,,,,,,
413,CAE_10,CHS_11,CAE_12,,,,,,,,,
414,CAE_10,CHS_11,,,,,,,,,,
415,RIC_4,MYR_5,RIC_6,CHO_7,RIC_8,ROA_9,,,,,,
416,ROA_5,RIC_6,CHO_7,RIC_8,ROA_9,RIC_10,,,,,,
417,CAE_10,CHS_11,,,,,,,,,,
418,ROA_2,CHO_3,RIC_4,MYR_5,RIC_6,,,,,,,
419,CAE_10,CHS_11,CAE_12,,,,,,,,,
420,CHS_7,GSP_8,,,,,,,,,,
421,GSP_8,CHS_9,CAE_10,CHS_11,CAE_12,CHS_13,,,,,,
422,CAE_9,CHS_10,CAE_11,CHS_12,,,,,,,,
423,GSP_3,CHS_4,GSP_5,CHS_6,CAE_7,CHS_8,GSP_9,CHS_10,,,,
424,CHS_3,GSP_4,CHS_5,CAE_6,CHS_7,,,,,,,
425,CHS_7,MYR_8,CAE_9,CHS_10,CAE_11,,,,,,,
426,GSP_5,CHS_6,GSP_7,CHS_8,CAE_9,CHS_10,CAE_11,CHS_12,,,,
427,GSP_10,CHS_11,,,,,,,,,,
428,ROA_9,RIC_10,,,,,,,,,,
429,CHS_10,GSP_11,,,,,,,,,,
430,CHS_5,GSP_6,,,,,,,,,,
431,CHS_5,CAE_6,CHS_7,CAE_8,GSP_9,CHS_10,CAE_11,CHS_12,,,,
432,GSP_6,CHS_7,GSP_8,,,,,,,,,
433,ROA_5,RIC_6,CHO_7,RIC_8,CHO_9,,,,,,,
434,CHO_10,ROA_11,RIC_12,,,,,,,,,
435,CAE_5,CHS_6,CAE_7,CHS_8,CAE_9,CHS_10,,,,,,
436,CAE_10,CHS_11,CAE_12,,,,,,,,,
437,RIC_10,ROA_11,,,,,,,,,,
438,CHS_5,CAE_6,,,,,,,,,,
439,RIC_6,CHO_7,ROA_8,RIC_9,CHO_10,RIC_11,,,,,,
440,CHO_8,ROA_9,CHO_10,RIC_11,,,,,,,,
441,ROA_10,RIC_11,ROA_12,RIC_13,,,,,,,,
442,ROA_5,RIC_6,ROA_7,,,,,,,,,
443,CHO_3,RIC_4,MYR_5,RIC_6,CHO_7,,,,,,,
444,ROA_6,CHO_7,ROA_8,RIC_9,ROA_10,RIC_11,ROA_12,RIC_13,,,,
445,CHS_6,CAE_7,CHS_8,CAE_9,,,,,,,,
446,CHS_5,CAE_6,CHS_7,GSP_8,CHS_9,CAE_10,CHS_11,,,,,
447,CHS_5,GSP_6,CHS_7,CAE_8,CHS_9,CAE_10,CHS_11,CAE_12,CHS_13,,,
448,RIC_10,CHO_11,,,,,,,,,,
449,ROA_9,RIC_10,,,,,,,,,,
450,CAE_6,CHS_7,MYR_8,,,,,,,,,
451,CHO_1,RIC_2,MYR_3,RIC_4,MYR_5,RIC_6,CHO_7,ROA_8,,,,
452,RIC_3,ROA_4,RIC_5,CHO_6,RIC_7,CHO_8,ROA_9,CHO_10,,,,
453,ROA_8,RIC_9,ROA_10,,,,,,,,,
454,CHS_9,CAE_10,CHS_11,CAE_12,CHS_13,,,,,,,
455,ROA_4,RIC_5,ROA_6,RIC_7,CHO_8,RIC_9,CHO_10,ROA_11,,,,
456,ROA_6,RIC_7,CHO_8,RIC_9,,,,,,,,
457,CHS_9,CAE_10,CHS_11,CAE_12,,,,,,,,
458,CHO_3,RIC_4,ROA_5,RIC_6,ROA_7,CHO_8,RIC_9,ROA_10,,,,
459,ROA_5,RIC_6,CHO_7,RIC_8,ROA_9,,,,,,,
460,CAE_9,CHS_10,CAE_11,CHS_12,CAE_13,,,,,,,
461,GSP_5,CHS_6,CAE_7,CHS_8,CAE_9,CHS_10,GSP_11,CHS_12,CAE_13,,,
462,CHS_9,CAE_10,CHS_11,CAE_12,,,,,,,,
463,ROA_10,RIC_11,CHO_12,,,,,,,,,
464,RIC_4,ROA_5,,,,,,,,,,
465,CHS_9,CAE_10,CHS_11,CAE_12,CHS_13,,,,,,,
466,ROA_4,RIC_5,CHO_6,,,,,,,,,
467,CAE_2,CHS_3,CAE_4,CHS_5,CAE_6,CHS_7,GSP_8,CHS_9,CAE_10,CHS_11,CAE_12,CHS_13
468,CHS_7,GSP_8,CHS_9,CAE_10,,,,,,,,
469,CHO_3,RIC_4,GSP_5,CHS_6,GSP_7,CHS_8,CAE_9,CHS_10,CAE_11,,,
470,RIC_9,ROA_10,RIC_11,ROA_12,,,,,,,,
471,ROA_3,RIC_4,,,,,,,,,,
472,CHO_8,ROA_9,RIC_10,,,,,,,,,
473,RIC_9,ROA_10,,,,,,,,,,
474,ROA_8,CHO_9,ROA_10,RIC_11,CHO_12,ROA_13,,,,,,
475,RIC_8,CHO_9,ROA_10,RIC_11,ROA_12,,,,,,,
476,CHS_9,CAE_10,CHS_11,CAE_12,,,,,,,,
477,ROA_3,RIC_4,MYR_5,RIC_6,CHO_7,RIC_8,ROA_9,RIC_10,,,,
478,ROA_9,RIC_10,ROA_11,RIC_12,,,,,,,,
479,RIC_10,ROA_11,RIC_12,,,,,,,,,
480,CHS_7,GSP_8,CHS_9,CAE_10,CHS_11,CAE_12,CHS_13,,,,,
481,CAE_4,GSP_5,CHS_6,GSP_7,CHS_8,GSP_9,CHS_10,GSP_11,,,,
482,CHO_4,RIC_5,CHO_6,RIC_7,,,,,,,,
483,RIC_10,ROA_11,RIC_12,CHO_13,,,,,,,,
484,RIC_10,ROA_11,RIC_12,,,,,,,,,
485,CAE_3,CHS_4,CAE_5,CHS_6,GSP_7,,,,,,,
486,CHS_3,CAE_4,CHS_5,CAE_6,CHS_7,GSP_8,CHS_9,CAE_10,CHS_11,,,
487,GSP_10,CHS_11,CAE_12,,,,,,,,,
488,CHO_4,ROA_5,,,,,,,,,,
489,CHS_8,CAE_9,,,,,,,,,,
490,RIC_7,ROA_8,RIC_9,ROA_10,RIC_11,CHO_12,RIC_13,,,,,
491,RIC_4,ROA_5,RIC_6,CHO_7,RIC_8,ROA_9,,,,,,
492,CHO_6,RIC_7,,,,,,,,,,
493,CAE_10,CHS_11,,,,,,,,,,
494,CHS_7,CAE_8,CHS_9,CAE_10,CHS_11,CAE_12,,,,,,
495,RIC_7,ROA_8,,,,,,,,,,
496,ROA_6,RIC_7,ROA_8,CHO_9,RIC_10,ROA_11,RIC_12,,,,,
497,CHS_1,GSP_2,CHS_3,GSP_4,CHS_5,CAE_6,CHS_7,,,,,
498,CHS_8,CAE_9,CHS_10,,,,,,,,,
499,ROA_7,RIC_8,ROA_9,,,,,,,,,
500,CHS_6,CAE_7,CHS_8,GSP_9,CHS_10,CAE_11,CHS_12,CAE_13,,,,
501,ROA_10,RIC_11,ROA_12,,,,,,,,,
502,CHO_4,RIC_5,ROA_6,,,,,,,,,
503,CAE_10,CHS_11,CAE_12,,,,,,,,,
504,RIC_6,CHO_7,RIC_8,ROA_9,,,,,,,,
505,GSP_5,CHS_6,CAE_7,CHS_8,CAE_9,CHS_10,CAE_11,CHS_12,CAE_13,,,
506,CAE_9,CHS_10,CAE_11,CHS_12,,,,,,,,
507,CHS_8,CAE_9,CHS_10,,,,,,,,,
508,CHS_7,CAE_8,GSP_9,CHS_10,CAE_11,CHS_12,CAE_13,,,,,
509,CAE_4,CHS_5,GSP_6,,,,,,,,,
510,CHS_10,CAE_11,CHS_12,CAE_13,,,,,,,,
511,CHS_5,GSP_6,,,,,,,,,,
512,ROA_3,RIC_4,ROA_5,RIC_6,CHO_7,ROA_8,,,,,,
513,CAE_2,CHS_3,GSP_4,CHS_5,CAE_6,CHS_7,CAE_8,CHS_9,CAE_10,,,
514,GSP_1,CHS_2,,,,,,,,,,
515,RIC_5,ROA_6,RIC_7,ROA_8,,,,,,,,
516,GSP_7,CHS_8,CAE_9,CHS_10,,,,,,,,
517,CHS_4,GSP_5,,,,,,,,,,
518,CHO_8,ROA_9,RIC_10,ROA_11,,,,,,,,
519,ROA_10,RIC_11,ROA_12,,,,,,,,,
520,ROA_7,RIC_8,ROA_9,RIC_10,ROA_11,,,,,,,
521,GSP_8,CHS_9,GSP_10,,,,,,,,,
522,CHS_4,CAE_5,CHS_6,CAE_7,CHS_8,,,,,,,
523,CHS_10,CAE_11,,,,,,,,,,
524,CHS_6,CAE_7,CHS_8,GSP_9,CHS_10,,,,,,,
525,GSP_7,CHS_8,CAE_9,CHS_10,CAE_11,,,,,,,
526,ROA_4,RIC_5,ROA_6,RIC_7,ROA_8,RIC_9,ROA_10,,,,,
527,ROA_10,RIC_11,ROA_12,CHO_13,,,,,,,,
528,CHS_8,GSP_9,,,,,,,,,,
529,RIC_8,ROA_9,RIC_10,,,,,,,,,
530,CAE_5,CHS_6,CAE_7,CHS_8,GSP_9,CHS_10,CAE_11,,,,,
531,CHO_4,RIC_5,CHO_6,RIC_7,GSP_8,CHS_9,GSP_10,CHS_11,,,,
532,ROA_10,RIC_11,ROA_12,CHO_13,,,,,,,,
533,CHS_3,GSP_4,CHS_5,CAE_6,CHS_7,CAE_8,,,,,,
534,ROA_8,RIC_9,ROA_10,CHO_11,RIC_12,ROA_13,,,,,,
535,CHS_3,CAE_4,CHS_5,GSP_6,CHS_7,GSP_8,CHS_9,,,,,
536,CAE_2,CHS_3,GSP_4,CHS_5,GSP_6,,,,,,,
537,CAE_7,CHS_8,CAE_9,CHS_10,,,,,,,,
538,CHS_5,GSP_6,,,,,,,,,,
539,CHO_3,RIC_4,CHO_5,,,,,,,,,
540,CHO_9,ROA_10,RIC_11,,,,,,,,,
541,CAE_2,GSP_3,CHS_4,CAE_5,CHS_6,CAE_7,CHS_8,CAE_9,,,,
542,RIC_3,CHO_4,RIC_5,ROA_6,RIC_7,ROA_8,RIC_9,CHO_10,RIC_11,,,
543,ROA_8,RIC_9,,,,,,,,,,
544,ROA_6,RIC_7,,,,,,,,,,
545,CAE_3,CHS_4,CAE_5,,,,,,,,,
546,RIC_3,ROA_4,RIC_5,ROA_6,RIC_7,ROA_8,RIC_9,ROA_10,RIC_11,ROA_12,RIC_13,
547,CHS_6,CAE_7,,,,,,,,,,
548,ROA_10,RIC_11,ROA_12,,,,,,,,,
549,CAE_6,CHS_7,CAE_8,CHS_9,CAE_10,CHS_11,CAE_12,CHS_13,,,,
550,ROA_2,RIC_3,CHO_4,RIC_5,CHO_6,RIC_7,ROA_8,RIC_9,ROA_10,RIC_11,,
551,CAE_9,CHS_10,CAE_11,,,,,,,,,
552,MYR_3,RIC_4,MYR_5,CAE_6,CHS_7,CAE_8,CHS_9,CAE_10,CHS_11,GSP_12,CHS_13,
553,CAE_6,CHS_7,GSP_8,,,,,,,,,
554,CHO_10,RIC_11,ROA_12,RIC_13,,,,,,,,
555,CHO_6,ROA_7,RIC_8,,,,,,,,,
556,CAE_4,CHS_5,CAE_6,CHS_7,CAE_8,,,,,,,
557,CAE_4,CHS_5,CAE_6,CHS_7,CAE_8,CHS_9,CAE_10,,,,,
558,ROA_9,RIC_10,CHO_11,,,,,,,,,
559,ROA_9,RIC_10,ROA_11,RIC_12,ROA_13,,,,,,,
560,CHO_9,RIC_10,CHO_11,RIC_12,,,,,,,,
561,CAE_7,CHS_8,,,,,,,,,,
562,CHO_1,RIC_2,CHO_3,ROA_4,RIC_5,CHO_6,RIC_7,ROA_8,RIC_9,ROA_10,RIC_11,
563,CAE_6,CHS_7,GSP_8,,,,,,,,,
564,CHS_10,CAE_11,CHS_12,,,,,,,,,
565,CHS_7,CAE_8,CHS_9,CAE_10,,,,,,,,
566,ROA_9,RIC_10,,,,,,,,,,
567,CHS_6,GSP_7,CHS_8,CAE_9,,,,,,,,
568,CHS_4,GSP_5,CHS_6,CAE_7,CHS_8,CAE_9,CHS_10,,,,,
569,CAE_4,CHS_5,CAE_6,CHS_7,CAE_8,CHS_9,CAE_10,CHS_11,,,,
570,RIC_8,ROA_9,RIC_10,ROA_11,CHO_12,,,,,,,
571,RIC_4,ROA_5,RIC_6,CHO_7,RIC_8,ROA_9,RIC_10,ROA_11,RIC_12,ROA_13,,
572,CHS_8,CAE_9,CHS_10,CAE_11,CHS_12,GSP_13,,,,,,
573,ROA_10,RIC_11,ROA_12,,,,,,,,,
574,RIC_5,ROA_6,RIC_7,CHO_8,,,,,,,,
575,ROA_7,RIC_8,CHO_9,,,,,,,,,
576,GSP_7,CHS_8,CAE_9,CHS_10,,,,,,,,
577,GSP_4,CHS_5,GSP_6,CHS_7,CAE_8,CHS_9,CAE_10,CHS_11,,,,
578,ROA_5,RIC_6,CHO_7,RIC_8,ROA_9,CHO_10,RIC_11,,,,,
579,CHO_3,RIC_4,MYR_5,CAE_6,CHS_7,CAE_8,CHS_9,,,,,
580,ROA_6,RIC_7,CHO_8,RIC_9,CHO_10,RIC_11,ROA_12,,,,,
581,GSP_2,CHS_3,CAE_4,CHS_5,CAE_6,,,,,,,
582,CHO_4,RIC_5,CHO_6,RIC_7,ROA_8,RIC_9,ROA_10,RIC_11,CHO_12,,,
583,ROA_4,RIC_5,ROA_6,,,,,,,,,
584,RIC_5,ROA_6,RIC_7,,,,,,,,,
585,CHS_4,GSP_5,,,,,,,,,,
586,CHS_9,GSP_10,CHS_11,,,,,,,,,
587,CHO_10,RIC_11,CHO_12,,,,,,,,,
588,ROA_8,RIC_9,ROA_10,RIC_11,,,,,,,,
589,CHS_10,CAE_11,,,,,,,,,,
590,CAE_3,CHS_4,CAE_5,CHS_6,CAE_7,CHS_8,,,,,,
591,CHS_5,CAE_6,CHS_7,,,,,,,,,
592,CHO_3,RIC_4,MYR_5,CAE_6,,,,,,,,
593,CHS_6,CAE_7,CHS_8,CAE_9,CHS_10,,,,,,,
594,GSP_2,CHS_3,GSP_4,CHS_5,CAE_6,CHS_7,CAE_8,CHS_9,CAE_10,,,
595,ROA_7,RIC_8,CHO_9,RIC_10,ROA_11,CHO_12,RIC_13,,,,,
596,ROA_6,CHO_7,,,,,,,,,,
597,CAE_6,CHS_7,,,,,,,,,,
598,RIC_7,ROA_8,RIC_9,CHO_10,ROA_11,RIC_12,,,,,,
599,CHO_10,RIC_11,CHO_12,,,,,,,,,
600,RIC_5,CHO_6,,,,,,,,,,
601,CHS_5,CAE_6,CHS_7,CAE_8,,,,,,,,
602,ROA_4,RIC_5,ROA_6,RIC_7,ROA_8,RIC_9,ROA_10,RIC_11,,,,
603,CHS_6,CAE_7,CHS_8,CAE_9,CHS_10,CAE_11,,,,,,
604,CAE_9,CHS_10,,,,,,,,,,
605,ROA_10,CHO_11,RIC_12,,,,,,,,,
606,CHS_4,CAE_5,CHS_6,,,,,,,,,
607,CHS_9,CAE_10,,,,,,,,,,
608,MYR_4,RIC_5,ROA_6,RIC_7,CHO_8,ROA_9,RIC_10,,,,,
609,RIC_4,MYR_5,RIC_6,ROA_7,,,,,,,,
610,CAE_4,CHS_5,CAE_6,CHS_7,CAE_8,CHS_9,CAE_10,,,,,
611,CAE_4,CHS_5,CAE_6,CHS_7,CAE_8,CHS_9,GSP_10,CHS_11,GSP_12,CHS_13,,
612,RIC_7,CHO_8,RIC_9,ROA_10,,,,,,,,
613,CHS_4,CAE_5,CHS_6,,,,,,,,,
614,CAE_9,CHS_10,CAE_11,CHS_12,,,,,,,,
615,GSP_3,CHS_4,CAE_5,CHS_6,CAE_7,CHS_8,CAE_9,CHS_10,CAE_11,CHS_12,CAE_13,
616,CAE_3,CHS_4,CAE_5,CHS_6,CAE_7,CHS_8,CAE_9,CHS_10,CAE_11,CHS_12,,
617,ROA_5,RIC_6,ROA_7,RIC_8,,,,,,,,
618,GSP_5,CHS_6,CAE_7,CHS_8,GSP_9,,,,,,,
619,CAE_4,CHS_5,CAE_6,CHS_7,CAE_8,CHS_9,CAE_10,CHS_11,GSP_12,,,
620,CHS_4,CAE_5,CHS_6,CAE_7,CHS_8,CAE_9,CHS_10,CAE_11,CHS_12,,,
621,GSP_4,CHS_5,CAE_6,,,,,,,,,
622,CHS_8,CAE_9,CHS_10,,,,,,,,,
623,CHO_4,ROA_5,RIC_6,GSP_7,,,,,,,,
624,CAE_5,CHS_6,,,,,,,,,,
625,RIC_3,ROA_4,CHO_5,ROA_6,RIC_7,ROA_8,RIC_9,ROA_10,RIC_11,,,
626,CHO_5,RIC_6,CHO_7,RIC_8,CHO_9,RIC_10,ROA_11,RIC_12,ROA_13,,,
627,RIC_4,MYR_5,RIC_6,ROA_7,RIC_8,ROA_9,RIC_10,ROA_11,,,,
628,GSP_5,CHS_6,GSP_7,RIC_8,ROA_9,RIC_10,,,,,,
629,ROA_3,RIC_4,ROA_5,RIC_6,ROA_7,RIC_8,ROA_9,RIC_10,ROA_11,RIC_12,ROA_13,
630,CHO_5,ROA_6,RIC_7,,,,,,,,,
631,RIC_10,ROA_11,RIC_12,,,,,,,,,
632,CAE_9,CHS_10,CAE_11,CHS_12,,,,,,,,
633,CHO_9,ROA_10,CHO_11,,,,,,,,,
634,MYR_4,RIC_5,ROA_6,RIC_7,,,,,,,,
635,RIC_6,ROA_7,,,,,,,,,,
636,CAE_10,CHS_11,CAE_12,CHS_13,,,,,,,,
637,CHS_10,CAE_11,CHS_12,CAE_13,,,,,,,,
638,MYR_3,RIC_4,MYR_5,RIC_6,ROA_7,RIC_8,ROA_9,,,,,
639,GSP_6,CHS_7,GSP_8,CHS_9,CAE_10,CHS_11,,,,,,
640,ROA_8,RIC_9,,,,,,,,,,
641,ROA_10,RIC_11,ROA_12,,,,,,,,,
642,CHS_5,GSP_6,,,,,,,,,,
643,CHS_8,CAE_9,,,,,,,,,,
644,ROA_9,RIC_10,,,,,,,,,,
645,CHS_9,CAE_10,CHS_11,,,,,,,,,
646,GSP_5,CHS_6,CAE_7,CHS_8,,,,,,,,
647,CHS_5,CAE_6,CHS_7,CAE_8,,,,,,,,
648,CHO_8,RIC_9,CHO_10,,,,,,,,,
649,ROA_4,RIC_5,ROA_6,RIC_7,ROA_8,RIC_9,,,,,,
650,CHS_6,CAE_7,CHS_8,CAE_9,CHS_10,CAE_11,CHS_12,,,,,
651,CAE_5,CHS_6,CAE_7,CHS_8,GSP_9,CHS_10,CAE_11,CHS_12,,,,
652,CAE_2,GSP_3,CHS_4,,,,,,,,,
653,CHO_5,RIC_6,CHO_7,RIC_8,ROA_9,RIC_10,ROA_11,RIC_12,,,,
654,CAE_9,CHS_10,CAE_11,CHS_12,,,,,,,,
655,CHO_3,ROA_4,,,,,,,,,,
656,CAE_10,CHS_11,CAE_12,,,,,,,,,
657,CHS_5,CAE_6,CHS_7,CAE_8,CHS_9,GSP_10,CHS_11,CAE_12,,,,
658,CHO_5,RIC_6,CHO_7,RIC_8,,,,,,,,
659,ROA_4,RIC_5,ROA_6,RIC_7,ROA_8,RIC_9,,,,,,
660,ROA_6,RIC_7,,,,,,,,,,
661,CHS_7,CAE_8,CHS_9,,,,,,,,,
662,CAE_10,CHS_11,,,,,,,,,,
663,ROA_4,RIC_5,ROA_6,RIC_7,ROA_8,,,,,,,
664,CAE_9,CHS_10,CAE_11,,,,,,,,,
665,MYR_4,RIC_5,,,,,,,,,,
666,CHS_7,GSP_8,CHS_9,CAE_10,CHS_11,,,,,,,
667,RIC_10,CHO_11,RIC_12,,,,,,,,,
668,ROA_10,RIC_11,ROA_12,RIC_13,,,,,,,,
669,RIC_3,MYR_4,RIC_5,,,,,,,,,
670,RIC_5,ROA_6,RIC_7,ROA_8,RIC_9,CHO_10,,,,,,
671,CHO_8,ROA_9,RIC_10,ROA_11,CHO_12,RIC_13,,,,,,
672,CHO_3,ROA_4,,,,,,,,,,
673,CHO_5,RIC_6,ROA_7,,,,,,,,,
674,RIC_4,CHO_5,ROA_6,RIC_7,ROA_8,RIC_9,CHO_10,ROA_11,RIC_12,ROA_13,,
675,ROA_6,RIC_7,,,,,,,,,,
676,CAE_7,CHS_8,GSP_9,CHS_10,,,,,,,,
677,CAE_5,CHS_6,,,,,,,,,,
678,ROA_10,RIC_11,,,,,,,,,,
679,CAE_2,CHS_3,CAE_4,CHS_5,CAE_6,CHS_7,GSP_8,CAE_9,CHS_10,,,
680,RIC_6,ROA_7,RIC_8,CHO_9,,,,,,,,
681,ROA_2,CHO_3,RIC_4,CHO_5,RIC_6,ROA_7,RIC_8,ROA_9,RIC_10,,,
682,CHS_6,GSP_7,CHS_8,GSP_9,,,,,,,,
683,RIC_10,ROA_11,RIC_12,ROA_13,,,,,,,,
684,CHS_8,GSP_9,CHS_10,GSP_11,CHS_12,CAE_13,,,,,,
685,CHS_3,GSP_4,CHS_5,GSP_6,CHS_7,CAE_8,,,,,,
686,CAE_10,CHS_11,CAE_12,,,,,,,,,
687,CHS_9,CAE_10,,,,,,,,,,
688,CHS_6,CAE_7,CHS_8,,,,,,,,,
689,CAE_10,CHS_11,CAE_12,,,,,,,,,
690,ROA_10,RIC_11,ROA_12,RIC_13,,,,,,,,
691,CHO_10,ROA_11,RIC_12,,,,,,,,,
692,ROA_8,RIC_9,ROA_10,RIC_11,,,,,,,,
693,CAE_4,CHS_5,CAE_6,CHS_7,GSP_8,CHS_9,CAE_10,CHS_11,,,,
694,ROA_4,RIC_5,CHO_6,RIC_7,ROA_8,RIC_9,CHO_10,RIC_11,,,,
695,GSP_8,CHS_9,CAE_10,CHS_11,CAE_12,CHS_13,,,,,,
696,MYR_4,RIC_5,ROA_6,RIC_7,CHO_8,,,,,,,
697,ROA_8,RIC_9,CHO_10,RIC_11,,,,,,,,
698,CHS_6,GSP_7,CHS_8,,,,,,,,,
699,CHO_8,RIC_9,ROA_10,RIC_11,,,,,,,,
700,CHS_7,CAE_8,,,,,,,,,,
701,MYR_4,RIC_5,CHO_6,RIC_7,,,,,,,,
702,GSP_10,CHS_11,,,,,,,,,,
703,ROA_6,RIC_7,ROA_8,RIC_9,CHO_10,RIC_11,,,,,,
704,CHO_8,RIC_9,ROA_10,,,,,,,,,
705,CHS_9,CAE_10,CHS_11,CAE_12,CHS_13,,,,,,,
706,CHO_6,RIC_7,CHO_8,RIC_9,ROA_10,RIC_11,CHO_12,,,,,
707,CAE_10,CHS_11,,,,,,,,,,
708,CHO_5,RIC_6,CHO_7,RIC_8,ROA_9,RIC_10,ROA_11,RIC_12,ROA_13,,,
709,SHD_9,LYH_10,SHD_11,LYH_12,,,,,,,,
710,CHS_3,GSP_4,CHS_5,CAE_6,CHS_7,CAE_8,,,,,,
711,MYR_2,RIC_3,ROA_4,CHO_5,ROA_6,RIC_7,ROA_8,RIC_9,ROA_10,RIC_11,ROA_12,RIC_13
712,CHS_10,CAE_11,,,,,,,,,,
713,CHS_8,GSP_9,CHS_10,CAE_11,CHS_12,,,,,,,
714,GSP_8,CHS_9,,,,,,,,,,
715,CHS_3,GSP_4,CHS_5,CAE_6,CHS_7,CAE_8,CHS_9,,,,,
716,RIC_6,CHO_7,RIC_8,CHO_9,ROA_10,RIC_11,,,,,,
717,CHO_4,RIC_5,ROA_6,RIC_7,CHO_8,RIC_9,CHO_10,RIC_11,ROA_12,RIC_13,,
718,CHS_2,GSP_3,CHS_4,CAE_5,CHS_6,CAE_7,CHS_8,CAE_9,CHS_10,CAE_11,CHS_12,CAE_13
719,ROA_9,RIC_10,ROA_11,RIC_12,,,,,,,,
720,GSP_6,CHS_7,GSP_8,CHS_9,CAE_10,CHS_11,,,,,,
721,CHS_8,CAE_9,,,,,,,,,,
722,CHS_2,CAE_3,CHS_4,GSP_5,,,,,,,,
723,CHS_10,CAE_11,CHS_12,GSP_13,,,,,,,,
724,CHS_4,GSP_5,CHS_6,CAE_7,CHS_8,GSP_9,CHS_10,,,,,
725,CHS_10,CAE_11,,,,,,,,,,
726,ROA_6,RIC_7,ROA_8,RIC_9,,,,,,,,
727,CAE_6,CHS_7,CAE_8,CHS_9,CAE_10,,,,,,,
728,CAE_9,CHS_10,CAE_11,CHS_12,CAE_13,,,,,,,
729,RIC_2,CHO_3,ROA_4,RIC_5,CHO_6,ROA_7,RIC_8,CHO_9,ROA_10,,,
730,CHS_6,CAE_7,CHS_8,GSP_9,CHS_10,CAE_11,,,,,,
731,CHS_7,CAE_8,,,,,,,,,,
732,GSP_8,CHS_9,GSP_10,,,,,,,,,
733,CAE_7,CHS_8,CAE_9,CHS_10,CAE_11,,,,,,,
734,CHS_8,CAE_9,CHS_10,CAE_11,CHS_12,,,,,,,
735,CHO_8,LYH_9,SHD_10,LYH_11,SHD_12,LYH_13,,,,,,
736,CHS_10,CAE_11,,,,,,,,,,
737,CAE_9,CHS_10,,,,,,,,,,
738,CHO_3,RIC_4,ROA_5,RIC_6,ROA_7,RIC_8,ROA_9,RIC_10,,,,
739,GSP_5,CHS_6,GSP_7,,,,,,,,,
740,CAE_7,CHS_8,,,,,,,,,,
741,CHO_2,ROA_3,RIC_4,ROA_5,RIC_6,CHO_7,RIC_8,CHO_9,ROA_10,RIC_11,ROA_12,RIC_13
742,ROA_3,RIC_4,MYR_5,RIC_6,CHO_7,RIC_8,ROA_9,RIC_10,ROA_11,,,
743,ROA_5,RIC_6,GSP_7,CHS_8,CAE_9,CHS_10,CAE_11,CHS_12,,,,
744,GSP_8,CHS_9,CAE_10,CHS_11,,,,,,,,
745,CHO_1,RIC_2,MYR_3,RIC_4,CHO_5,,,,,,,
746,CHS_6,CAE_7,CHS_8,GSP_9,,,,,,,,
747,CHS_2,GSP_3,CHS_4,CAE_5,CHS_6,GSP_7,,,,,,
748,RIC_4,MYR_5,RIC_6,CHO_7,,,,,,,,
749,RIC_4,CHO_5,RIC_6,GSP_7,CHS_8,CAE_9,CHS_10,CAE_11,,,,
750,RIC_7,CHO_8,RIC_9,ROA_10,RIC_11,ROA_12,,,,,,
751,CHO_4,ROA_5,RIC_6,ROA_7,RIC_8,,,,,,,
752,GSP_6,CHS_7,CAE_8,CHS_9,CAE_10,CHS_11,CAE_12,,,,,
753,CAE_3,CHS_4,CAE_5,CHS_6,CAE_7,CHS_8,CAE_9,CHS_10,,,,
754,GSP_8,CHS_9,CAE_10,CHS_11,CAE_12,CHS_13,,,,,,
755,CHS_9,CAE_10,CHS_11,CAE_12,CHS_13,,,,,,,
756,CHS_7,CAE_8,,,,,,,,,,
757,CHS_4,GSP_5,CHS_6,CAE_7,CHS_8,CAE_9,CHS_10,,,,,
758,CHO_8,LYH_9,SHD_10,LYH_11,,,,,,,,
759,CHO_5,RIC_6,,,,,,,,,,
760,CHS_2,CAE_3,CHS_4,CAE_5,CHS_6,CAE_7,CHS_8,GSP_9,,,,
761,CHO_7,ROA_8,RIC_9,CHO_10,ROA_11,RIC_12,CHO_13,,,,,
762,ROA_6,RIC_7,CHO_8,ROA_9,RIC_10,,,,,,,
763,ROA_7,RIC_8,CHO_9,ROA_10,RIC_11,ROA_12,RIC_13,,,,,
764,RIC_10,ROA_11,RIC_12,ROA_13,,,,,,,,
765,GSP_3,CHS_4,GSP_5,CHS_6,CAE_7,CHS_8,CAE_9,,,,,
766,CHS_8,CAE_9,CHS_10,CAE_11,CHS_12,GSP_13,,,,,,
767,LYH_2,GSP_3,CHS_4,CAE_5,CHS_6,,,,,,,
768,ROA_5,RIC_6,GSP_7,CHS_8,CAE_9,CHS_10,CAE_11,CHS_12,CAE_13,,,
769,CHS_6,CAE_7,,,,,,,,,,
770,RIC_10,ROA_11,RIC_12,,,,,,,,,
771,CAE_5,CHS_6,,,,,,,,,,
772,ROA_7,RIC_8,ROA_9,,,,,,,,,
773,CAE_6,CHS_7,CAE_8,CHS_9,CAE_10,CHS_11,CAE_12,,,,,
774,CHS_8,CAE_9,CHS_10,,,,,,,,,
775,GSP_6,CHS_7,GSP_8,CHS_9,,,,,,,,
776,CHO_8,ROA_9,RIC_10,ROA_11,RIC_12,CHO_13,,,,,,
777,CHO_8,RIC_9,ROA_10,RIC_11,,,,,,,,
778,CHS_8,CAE_9,CHS_10,CAE_11,,,,,,,,
779,CHS_3,CAE_4,CHS_5,,,,,,,,,
780,CHS_5,CAE_6,CHS_7,CAE_8,CHS_9,CAE_10,CHS_11,CAE_12,,,,
781,ROA_10,RIC_11,CHO_12,,,,,,,,,
782,CHS_9,CAE_10,,,,,,,,,,
783,CHO_10,RIC_11,CHO_12,,,,,,,,,
784,GSP_1,CHS_2,CAE_3,CHS_4,CAE_5,CHS_6,CAE_7,,,,,
785,ROA_6,RIC_7,CHO_8,,,,,,,,,
786,RIC_4,CHO_5,RIC_6,CHO_7,RIC_8,CHO_9,,,,,,
787,CHS_6,CAE_7,,,,,,,,,,
788,CAE_10,CHS_11,CAE_12,CHS_13,,,,,,,,
789,CAE_4,CHS_5,CAE_6,CHS_7,CAE_8,CHS_9,CAE_10,,,,,
790,ROA_9,RIC_10,CHO_11,ROA_12,RIC_13,,,,,,,
791,MYR_4,RIC_5,CHO_6,ROA_7,RIC_8,CHO_9,RIC_10,CHO_11,ROA_12,,,
792,ROA_10,RIC_11,CHO_12,ROA_13,,,,,,,,
793,GSP_1,CHS_2,CAE_3,CHS_4,CAE_5,CHS_6,GSP_7,CHS_8,CAE_9,CHS_10,CAE_11,
794,CAE_8,CHS_9,CAE_10,CHS_11,,,,,,,,
795,MYR_3,RIC_4,ROA_5,RIC_6,ROA_7,,,,,,,
796,CHS_2,GSP_3,CHS_4,CAE_5,CHS_6,CAE_7,CHS_8,CAE_9,,,,
797,CHS_5,CAE_6,CHS_7,GSP_8,CHS_9,,,,,,,
798,CAE_5,CHS_6,CAE_7,CHS_8,,,,,,,,
799,ROA_7,RIC_8,CHO_9,RIC_10,,,,,,,,
800,GSP_7,CHS_8,CAE_9,,,,,,,,,
801,CAE_7,CHS_8,CAE_9,CHS_10,,,,,,,,
802,CAE_7,CHS_8,CAE_9,CHS_10,CAE_11,,,,,,,
803,RIC_10,CHO_11,,,,,,,,,,
804,CHS_2,CAE_3,CHS_4,GSP_5,CHS_6,CAE_7,CHS_8,GSP_9,CHS_10,CAE_11,CHS_12,
805,CHS_5,GSP_6,CHS_7,,,,,,,,,
806,RIC_6,ROA_7,RIC_8,ROA_9,RIC_10,CHO_11,ROA_12,,,,,
807,CHO_5,ROA_6,RIC_7,ROA_8,CHO_9,RIC_10,CHO_11,,,,,
808,CAE_3,CHS_4,CAE_5,CHS_6,CAE_7,CHS_8,GSP_9,CHS_10,CAE_11,GSP_12,,
809,CHS_10,CAE_11,CHS_12,CAE_13,,,,,,,,
810,RIC_2,CHO_3,RIC_4,CHO_5,ROA_6,RIC_7,,,,,,
811,ROA_8,RIC_9,CHO_10,,,,,,,,,
812,RIC_8,ROA_9,RIC_10,ROA_11,RIC_12,ROA_13,,,,,,
813,CHS_10,CAE_11,CHS_12,CAE_13,,,,,,,,
814,CAE_9,CHS_10,CAE_11,,,,,,,,,
815,CAE_4,CHS_5,,,,,,,,,,
816,ROA_3,RIC_4,ROA_5,RIC_6,CHO_7,,,,,,,
817,GSP_2,CHS_3,CAE_4,,,,,,,,,
818,CHS_4,CAE_5,CHS_6,CAE_7,CHS_8,GSP_9,,,,,,
819,ROA_4,RIC_5,,,,,,,,,,
820,CHS_5,CAE_6,CHS_7,GSP_8,CHS_9,CAE_10,CHS_11,CAE_12,CHS_13,,,
821,ROA_8,RIC_9,CHO_10,,,,,,,,,
822,CHS_9,CAE_10,,,,,,,,,,
823,CHS_6,CAE_7,CHS_8,CAE_9,CHS_10,CAE_11,CHS_12,CAE_13,,,,
824,ROA_7,RIC_8,ROA_9,RIC_10,ROA_11,RIC_12,ROA_13,,,,,
825,RIC_9,ROA_10,RIC_11,CHO_12,,,,,,,,
826,RIC_9,ROA_10,RIC_11,ROA_12,,,,,,,,
827,CHS_4,CAE_5,CHS_6,CAE_7,CHS_8,CAE_9,CHS_10,CAE_11,CHS_12,CAE_13,,
828,ROA_8,RIC_9,CHO_10,ROA_11,RIC_12,,,,,,,
829,GSP_5,CHS_6,CAE_7,CHS_8,CAE_9,,,,,,,
830,ROA_7,RIC_8,CHO_9,RIC_10,,,,,,,,
831,CAE_10,CHS_11,,,,,,,,,,
832,CHS_4,CAE_5,CHS_6,CAE_7,,,,,,,,
833,LYH_9,SHD_10,LYH_11,,,,,,,,,
834,CAE_9,CHS_10,,,,,,,,,,
835,CAE_5,CHS_6,CAE_7,CHS_8,CAE_9,,,,,,,
836,RIC_7,CHO_8,RIC_9,CHO_10,ROA_11,,,,,,,
837,CAE_4,CHS_5,CAE_6,CHS_7,,,,,,,,
838,ROA_3,RIC_4,ROA_5,RIC_6,CHO_7,RIC_8,CHO_9,RIC_10,,,,
839,RIC_5,CHO_6,RIC_7,ROA_8,RIC_9,,,,,,,
840,ROA_6,RIC_7,ROA_8,RIC_9,ROA_10,RIC_11,,,,,,
841,CHS_10,CAE_11,CHS_12,CAE_13,,,,,,,,
842,CAE_8,CHS_9,CAE_10,CHS_11,,,,,,,,
843,RIC_8,CHO_9,ROA_10,RIC_11,CHO_12,ROA_13,,,,,,
844,RIC_10,ROA_11,RIC_12,ROA_13,,,,,,,,
845,CHS_9,CAE_10,,,,,,,,,,
846,GSP_4,CHS_5,GSP_6,CHS_7,CAE_8,CHS_9,CAE_10,CHS_11,,,,
847,RIC_4,MYR_5,RIC_6,,,,,,,,,
848,RIC_10,ROA_11,RIC_12,,,,,,,,,
849,MYR_4,RIC_5,ROA_6,RIC_7,CHO_8,RIC_9,ROA_10,,,,,
850,ROA_5,RIC_6,CHO_7,ROA_8,RIC_9,ROA_10,,,,,,
851,RIC_2,MYR_3,RIC_4,ROA_5,RIC_6,ROA_7,RIC_8,ROA_9,RIC_10,ROA_11,,
852,RIC_7,ROA_8,RIC_9,CHO_10,RIC_11,,,,,,,
853,CHS_10,CAE_11,CHS_12,CAE_13,,,,,,,,
854,CAE_4,CHS_5,CAE_6,CHS_7,CAE_8,CHS_9,CAE_10,CHS_11,CAE_12,CHS_13,,
855,ROA_10,RIC_11,ROA_12,RIC_13,,,,,,,,
856,RIC_9,CHO_10,RIC_11,ROA_12,,,,,,,,
857,ROA_10,RIC_11,ROA_12,,,,,,,,,
858,CAE_7,CHS_8,GSP_9,CHS_10,,,,,,,,
859,CAE_5,CHS_6,CAE_7,CHS_8,GSP_9,,,,,,,
860,CHO_4,RIC_5,,,,,,,,,,
861,CAE_7,CHS_8,GSP_9,,,,,,,,,
862,ROA_6,RIC_7,,,,,,,,,,
863,CHS_4,CAE_5,CHS_6,CAE_7,CHS_8,CAE_9,,,,,,
864,RIC_5,ROA_6,,,,,,,,,,
865,ROA_6,RIC_7,ROA_8,RIC_9,ROA_10,RIC_11,ROA_12,,,,,
866,MYR_4,RIC_5,,,,,,,,,,
867,CHS_6,GSP_7,,,,,,,,,,
868,ROA_4,RIC_5,CHO_6,RIC_7,CHO_8,RIC_9,ROA_10,CHO_11,RIC_12,,,
869,CHO_9,RIC_10,ROA_11,,,,,,,,,
870,CAE_8,CHS_9,CAE_10,CHS_11,CAE_12,,,,,,,
871,ROA_5,RIC_6,ROA_7,RIC_8,ROA_9,,,,,,,
872,GSP_2,CHS_3,MYR_4,RIC_5,,,,,,,,
873,CHO_4,RIC_5,ROA_6,CHO_7,RIC_8,CHO_9,RIC_10,ROA_11,RIC_12,,,
874,CHS_8,CAE_9,,,,,,,,,,
875,CAE_10,CHS_11,CAE_12,,,,,,,,,
876,CHS_3,CAE_4,CHS_5,CAE_6,CHS_7,GSP_8,CAE_9,CHS_10,CAE_11,CHS_12,GSP_13,
877,ROA_3,RIC_4,CHO_5,,,,,,,,,
878,CHO_4,RIC_5,ROA_6,RIC_7,ROA_8,RIC_9,ROA_10,,,,,
879,GSP_1,CHS_2,GSP_3,CHS_4,CAE_5,CHS_6,GSP_7,CHS_8,CAE_9,,,
880,RIC_8,CHO_9,RIC_10,ROA_11,RIC_12,,,,,,,
881,RIC_3,ROA_4,RIC_5,CHO_6,,,,,,,,
882,GSP_4,CHS_5,CAE_6,CHS_7,GSP_8,CHS_9,CAE_10,,,,,
883,CAE_5,CHS_6,,,,,,,,,,
884,RIC_5,CHO_6,,,,,,,,,,
885,GSP_1,CHS_2,GSP_3,CHS_4,CAE_5,CHS_6,CAE_7,CHS_8,CAE_9,,,
886,CHS_3,GSP_4,CHS_5,CAE_6,CHS_7,CAE_8,CHS_9,GSP_10,CHS_11,CAE_12,,
887,ROA_10,RIC_11,CHO_12,,,,,,,,,
888,GSP_4,CHS_5,CAE_6,CHS_7,CAE_8,CHS_9,CAE_10,CHS_11,CAE_12,CHS_13,,
889,ROA_6,RIC_7,ROA_8,RIC_9,,,,,,,,
890,CHS_9,CAE_10,CHS_11,CAE_12,,,,,,,,
891,ROA_7,RIC_8,ROA_9,RIC_10,,,,,,,,
892,CAE_2,CHS_3,CAE_4,CHS_5,GSP_6,CHS_7,CAE_8,CHS_9,CAE_10,CHS_11,CAE_12,
893,ROA_5,RIC_6,CHO_7,RIC_8,ROA_9,RIC_10,ROA_11,RIC_12,,,,
894,CHO_7,RIC_8,ROA_9,RIC_10,ROA_11,RIC_12,,,,,,
895,ROA_9,RIC_10,ROA_11,RIC_12,ROA_13,,,,,,,
896,GSP_7,RIC_8,ROA_9,,,,,,,,,
897,GSP_2,CHS_3,,,,,,,,,,
898,ROA_3,CHO_4,RIC_5,CHO_6,,,,,,,,
899,RIC_5,CHO_6,ROA_7,,,,,,,,,
900,CHS_10,CAE_11,,,,,,,,,,
901,CAE_4,CHS_5,CAE_6,CHS_7,CAE_8,CHS_9,CAE_10,CHS_11,CAE_12,,,
902,CAE_6,CHS_7,GSP_8,CHS_9,CAE_10,,,,,,,
903,RIC_10,ROA_11,RIC_12,,,,,,,,,
904,RIC_7,ROA_8,,,,,,,,,,
905,CHS_10,CAE_11,CHS_12,,,,,,,,,
906,ROA_6,RIC_7,ROA_8,RIC_9,ROA_10,RIC_11,ROA_12,,,,,
907,RIC_10,CHO_11,ROA_12,RIC_13,,,,,,,,
908,GSP_2,CHS_3,CAE_4,CHS_5,GSP_6,CHS_7,CAE_8,,,,,
909,CAE_7,CHS_8,GSP_9,CHS_10,,,,,,,,
910,CHO_5,RIC_6,,,,,,,,,,
911,GSP_9,CHS_10,CAE_11,CHS_12,,,,,,,,
912,CAE_9,CHS_10,CAE_11,CHS_12,,,,,,,,
913,CHS_7,GSP_8,CHS_9,,,,,,,,,
914,RIC_4,CHO_5,ROA_6,CHO_7,RIC_8,CHO_9,RIC_10,,,,,
915,GSP_1,CHS_2,CAE_3,CHS_4,GSP_5,CHS_6,,,,,,
916,GSP_7,CHS_8,GSP_9,,,,,,,,,
917,CHS_9,CAE_10,CHS_11,CAE_12,CHS_13,,,,,,,
918,CHO_6,ROA_7,RIC_8,ROA_9,RIC_10,ROA_11,RIC_12,ROA_13,,,,
919,RIC_8,CHO_9,ROA_10,RIC_11,ROA_12,RIC_13,,,,,,
920,CAE_4,CHS_5,,,,,,,,,,
921,RIC_10,ROA_11,CHO_12,,,,,,,,,
922,CAE_9,CHS_10,CAE_11,CHS_12,,,,,,,,
923,RIC_5,ROA_6,CHO_7,RIC_8,ROA_9,RIC_10,ROA_11,,,,,
924,ROA_4,RIC_5,CHO_6,RIC_7,CHO_8,RIC_9,,,,,,
925,CHS_5,CAE_6,CHS_7,CAE_8,CHS_9,CAE_10,CHS_11,CAE_12,CHS_13,,,
926,ROA_9,RIC_10,ROA_11,RIC_12,ROA_13,,,,,,,
927,GSP_7,CHS_8,CAE_9,CHS_10,CAE_11,CHS_12,CAE_13,,,,,
928,ROA_5,RIC_6,ROA_7,RIC_8,CHO_9,,,,,,,
929,CAE_3,CHS_4,CAE_5,CHS_6,GSP_7,CHS_8,CAE_9,CHS_10,CAE_11,,,
930,RIC_4,MYR_5,RIC_6,CHO_7,,,,,,,,
931,GSP_5,CHS_6,,,,,,,,,,
932,ROA_3,RIC_4,MYR_5,CAE_6,,,,,,,,
933,CHS_4,CAE_5,CHS_6,GSP_7,CHS_8,CAE_9,CHS_10,CAE_11,,,,
934,CAE_8,CHS_9,CAE_10,CHS_11,,,,,,,,
935,GSP_7,CHS_8,CAE_9,CHS_10,CAE_11,CHS_12,CAE_13,,,,,
936,CAE_8,CHS_9,,,,,,,,,,
937,RIC_9,CHO_10,RIC_11,,,,,,,,,
938,RIC_6,CHO_7,ROA_8,RIC_9,ROA_10,RIC_11,ROA_12,CHO_13,,,,
939,ROA_8,RIC_9,ROA_10,RIC_11,,,,,,,,
940,CAE_4,CHS_5,GSP_6,CHS_7,CAE_8,CHS_9,,,,,,
941,ROA_4,CHO_5,RIC_6,CHO_7,RIC_8,ROA_9,RIC_10,ROA_11,,,,
942,RIC_4,MYR_5,RIC_6,CHO_7,ROA_8,RIC_9,ROA_10,,,,,
943,ROA_6,RIC_7,,,,,,,,,,
944,MYR_8,CAE_9,CHS_10,CAE_11,,,,,,,,
945,RIC_3,ROA_4,RIC_5,ROA_6,RIC_7,,,,,,,
946,CHS_10,CAE_11,CHS_12,CAE_13,,,,,,,,
947,RIC_2,MYR_3,RIC_4,,,,,,,,,
948,CHS_6,CAE_7,CHS_8,CAE_9,,,,,,,,
949,CHO_4,ROA_5,RIC_6,ROA_7,CHO_8,RIC_9,,,,,,
950,RIC_6,ROA_7,RIC_8,ROA_9,RIC_10,ROA_11,RIC_12,,,,,
951,RIC_3,MYR_4,RIC_5,ROA_6,RIC_7,ROA_8,RIC_9,,,,,
952,CAE_9,CHS_10,CAE_11,,,,,,,,,
953,CHS_4,GSP_5,CHS_6,CAE_7,CHS_8,GSP_9,CHS_10,CAE_11,CHS_12,,,
954,MYR_4,RIC_5,,,,,,,,,,
955,ROA_6,RIC_7,CHO_8,ROA_9,RIC_10,,,,,,,
956,CHS_4,CAE_5,CHS_6,,,,,,,,,
957,RIC_4,MYR_5,CAE_6,CHS_7,CAE_8,,,,,,,
958,CHS_10,CAE_11,CHS_12,,,,,,,,,
959,CHO_7,RIC_8,CHO_9,RIC_10,CHO_11,ROA_12,RIC_13,,,,,
960,ROA_4,RIC_5,CHO_6,RIC_7,CHO_8,RIC_9,ROA_10,RIC_11,CHO_12,,,
961,CHS_6,GSP_7,,,,,,,,,,
962,RIC_8,ROA_9,CHO_10,RIC_11,ROA_12,,,,,,,
963,CHS_4,CAE_5,CHS_6,CAE_7,CHS_8,,,,,,,
964,ROA_9,RIC_10,ROA_11,,,,,,,,,
965,CAE_7,CHS_8,CAE_9,,,,,,,,,
966,ROA_3,RIC_4,MYR_5,CAE_6,CHS_7,GSP_8,CHS_9,CAE_10,CHS_11,CAE_12,,
967,CHS_9,CAE_10,CHS_11,CAE_12,,,,,,,,
968,CAE_10,CHS_11,,,,,,,,,,
969,ROA_6,RIC_7,,,,,,,,,,
970,GSP_6,CHS_7,GSP_8,CHS_9,CAE_10,CHS_11,CAE_12,CHS_13,,,,
971,RIC_4,MYR_5,RIC_6,ROA_7,,,,,,,,
972,ROA_3,RIC_4,MYR_5,CAE_6,CHS_7,GSP_8,,,,,,
973,SHD_9,LYH_10,SHD_11,,,,,,,,,
974,ROA_7,RIC_8,,,,,,,,,,
975,RIC_7,ROA_8,RIC_9,CHO_10,ROA_11,,,,,,,
976,CHS_9,CAE_10,CHS_11,CAE_12,,,,,,,,
977,GSP_4,CHS_5,GSP_6,CHS_7,CAE_8,CHS_9,GSP_10,CHS_11,CAE_12,CHS_13,,
978,RIC_3,CHO_4,RIC_5,ROA_6,RIC_7,CHO_8,RIC_9,CHO_10,RIC_11,ROA_12,,
979,GSP_5,CHS_6,,,,,,,,,,
980,ROA_6,RIC_7,,,,,,,,,,
981,CAE_8,CHS_9,GSP_10,CHS_11,CAE_12,,,,,,,
982,CAE_5,CHS_6,CAE_7,CHS_8,CAE_9,CHS_10,CAE_11,CHS_12,,,,
983,CHO_10,ROA_11,RIC_12,ROA_13,,,,,,,,
984,ROA_10,RIC_11,,,,,,,,,,
985,ROA_7,RIC_8,CHO_9,ROA_10,RIC_11,ROA_12,RIC_13,,,,,
986,CAE_8,CHS_9,CAE_10,CHS_11,,,,,,,,
987,CAE_10,CHS_11,,,,,,,,,,
988,MYR_2,RIC_3,MYR_4,RIC_5,ROA_6,RIC_7,ROA_8,CHO_9,,,,
989,CHS_3,CAE_4,CHS_5,CAE_6,CHS_7,GSP_8,CHS_9,CAE_10,CHS_11,CAE_12,,
990,CHS_6,CAE_7,CHS_8,GSP_9,CHS_10,,,,,,,
991,MYR_3,RIC_4,CHO_5,ROA_6,,,,,,,,
992,CHS_9,CAE_10,,,,,,,,,,
993,GSP_7,CHS_8,CAE_9,CHS_10,CAE_11,,,,,,,
994,ROA_5,RIC_6,CHO_7,ROA_8,RIC_9,ROA_10,RIC_11,ROA_12,,,,
995,GSP_8,CHS_9,CAE_10,CHS_11,CAE_12,CHS_13,,,,,,
996,GSP_8,CHS_9,CAE_10,,,,,,,,,
997,MYR_4,RIC_5,ROA_6,RIC_7,GSP_8,,,,,,,
998,ROA_8,RIC_9,ROA_10,RIC_11,ROA_12,RIC_13,,,,,,
999,CHO_4,RIC_5,ROA_6,RIC_7,CHO_8,ROA_9,RIC_10,ROA_11,RIC_12,ROA_13,,
